[ {
  "name" : "sand-paging",
  "descriptiveName" : "sandPagingBundleDescriptiveName.txt",
  "description" : "pagingConfigurationDesc.txt",
  "configuration" : {
    "default" : 40,
    "pagingOptions" : [ 20, 30, 40, 50, 100, 200 ]
  },
  "appConfigId" : "61",
  "configBundleId" : "bundle_config_677664",
  "version" : "10.4.0",
  "categoryId" : "category-desktop"
}, {
  "name" : "jobs-configuration",
  "descriptiveName" : "jobsBundleDescriptiveName.txt",
  "description" : "configuration.management.jobs.bundle.description.txt",
  "configuration" : {
    "tags" : {
      "resourceLabel" : "jobsTags.txt",
      "type" : "grid",
      "value" : [ {
        "item" : "VI",
        "mandatory" : true
      } ]
    }
  },
  "appConfigId" : "80",
  "configBundleId" : "bundle_config_677940",
  "version" : "10.4.0",
  "categoryId" : "category-desktop"
}, {
  "name" : "timeout-settings",
  "descriptiveName" : "timeoutBundleDescriptiveName.txt",
  "description" : "configuration.management.timeout.bundle.description.txt",
  "configuration" : {
    "interval" : {
      "resourceLabel" : "sessionInterval.txt",
      "value" : 25,
      "type" : "number",
      "allowDecimal" : false,
      "minValue" : 1,
      "maxValue" : 25
    },
    "timeout" : {
      "resourceLabel" : "sessionTimeout.txt",
      "value" : 300,
      "type" : "number",
      "allowDecimal" : false
    }
  },
  "appConfigId" : "20",
  "configBundleId" : "bundle_config_688775",
  "version" : "10.4.0",
  "categoryId" : "category-desktop"
}, {
  "name" : "grid-settings",
  "descriptiveName" : "configuration.management.grid.bundle.descriptive.name.txt",
  "description" : "configuration.management.grid.bundle.description.txt",
  "configuration" : {
    "exportExcel" : {
      "resourceLabel" : "configuration.management.grid.bundle.export.max.txt",
      "value" : 1000
    }
  },
  "appConfigId" : "10",
  "configBundleId" : "bundle_config_123456",
  "version" : "10.4.0",
  "categoryId" : "category-desktop"
}, {
  "name" : "network-diagram-limits",
  "descriptiveName" : "networkLimitsBundleDescriptiveName.txt",
  "description" : "configuration.management.nldLimits.bundle.description.txt",
  "configuration" : {
    "maxConnectedNodes" : {
      "allowDecimal" : false,
      "maxValue" : 999999999999999,
      "value" : 200,
      "minValue" : 0,
      "resourceLabel" : "configuration.management.maxConnectedNodes.txt",
      "type" : "number"
    },
    "centralityEnabled" : {
      "resourceLabel" : "configuration.management.centralityEnabled.txt",
      "value" : true
    },
    "calculateMetrics" : {
      "resourceLabel" : "configuration.management.calculateMetrics.txt",
      "value" : true
    }
  },
  "appConfigId" : "71",
  "configBundleId" : "bundle_config_583463",
  "version" : "10.4.0",
  "categoryId" : "category-desktop"
}, {
  "name" : "object-manager",
  "descriptiveName" : "objectManagerDescriptiveName.txt",
  "description" : "objectManagerDesc.txt",
  "configuration" : {
    "object-manager" : [ ]
  },
  "appConfigId" : "20",
  "configBundleId" : "bundle_config_187343",
  "version" : "10.4.0",
  "categoryId" : "category-desktop"
}, {
  "name" : "svi-identities-limit",
  "descriptiveName" : "userChooserIdentitiesLimit.txt",
  "description" : "userChooserIdentitiesLimitDescription.txt",
  "configuration" : {
    "limit" : {
      "resourceLabel" : "limit.txt",
      "value" : 5000,
      "minValue" : "1",
      "type" : "number",
      "allowDecimal" : false
    }
  },
  "appConfigId" : "10",
  "configBundleId" : "bundle_config_svi-identities-limit",
  "version" : "10.4.0",
  "categoryId" : "category-desktop"
}, {
  "name" : "Data Stores",
  "descriptiveName" : "dataStoreBundleDescriptiveName.txt",
  "description" : "configuration.management.datastore.bundle.description.txt",
  "configuration" : { },
  "appConfigId" : "80",
  "configBundleId" : "bundle_config_677665",
  "version" : "10.4.0",
  "categoryId" : "category-global"
}, {
  "name" : "Documentation",
  "descriptiveName" : "documentationBundleDescriptiveName.txt",
  "description" : "configuration.management.documentation.bundle.description.txt",
  "configuration" : {
    "softwareContextIdAdminGuide" : {
      "resourceLabel" : "softwareContextIdAdminGuide.txt",
      "value" : "agLandingPage"
    },
    "softwareId" : {
      "resourceLabel" : "softwareId.txt",
      "value" : "SVIINVSTGTR"
    },
    "documentationServiceUrl" : {
      "resourceLabel" : "documentationServiceUrl.txt",
      "value" : "http://documentation.sas.com"
    },
    "softwareContextIdUserGuide" : {
      "resourceLabel" : "softwareContextIdUserGuide.txt",
      "value" : "ugLandingPage"
    },
    "softwareVersion" : {
      "resourceLabel" : "softwareVersion.txt",
      "value" : "default"
    }
  },
  "appConfigId" : "21",
  "configBundleId" : "bundle_config_677939",
  "version" : "10.4.0",
  "categoryId" : "category-global"
}, {
  "name" : "smi-results.pageSize",
  "descriptiveName" : "smi.results.pageSize.descriptive.name.txt",
  "description" : "smi.results.pageSize.description.txt",
  "configuration" : {
    "limit" : {
      "resourceLabel" : "smi.results.pageSize.txt",
      "value" : 50,
      "minValue" : "1",
      "type" : "number",
      "allowDecimal" : false
    }
  },
  "appConfigId" : "MobileAdmin",
  "configBundleId" : "bundle_config_smi_results.pageSize",
  "version" : "10.4.0",
  "categoryId" : "category-mobile"
}, {
  "name" : "smi-attachment.view.limit",
  "descriptiveName" : "smi.attachment.view.limit.descriptive.name.txt",
  "description" : "smi.attachment.view.limit.description.txt",
  "configuration" : {
    "limit" : {
      "resourceLabel" : "smi.attachment.view.limit.txt",
      "value" : 500,
      "minValue" : "1",
      "type" : "number",
      "allowDecimal" : false
    }
  },
  "appConfigId" : "MobileAdmin",
  "configBundleId" : "bundle_config_smi_attachment.view.limit",
  "version" : "10.4.0",
  "categoryId" : "category-mobile"
}, {
  "name" : "smi-task.view.limit",
  "descriptiveName" : "smi.task.view.limit.descriptive.name.txt",
  "description" : "smi.task.view.limit.description.txt",
  "configuration" : {
    "limit" : {
      "resourceLabel" : "smi.task.view.limit.txt",
      "value" : 500,
      "minValue" : "1",
      "type" : "number",
      "allowDecimal" : false
    }
  },
  "appConfigId" : "MobileAdmin",
  "configBundleId" : "bundle_config_smi_task.view.limit",
  "version" : "10.4.0",
  "categoryId" : "category-mobile"
}, {
  "name" : "smi-identities.view.limit",
  "descriptiveName" : "smi.identities.view.limit.descriptive.name.txt",
  "description" : "smi.identities.view.limit.description.txt",
  "configuration" : {
    "limit" : {
      "resourceLabel" : "smi.identities.view.limit.txt",
      "value" : 500,
      "minValue" : "1",
      "type" : "number",
      "allowDecimal" : false
    }
  },
  "appConfigId" : "MobileAdmin",
  "configBundleId" : "bundle_config_smi_identities.view.limit",
  "version" : "10.4.0",
  "categoryId" : "category-mobile"
}, {
  "name" : "base-maps",
  "descriptiveName" : "baseNapsBundleDescriptiveName.txt",
  "description" : "mapsConfigurationDesc.txt",
  "configuration" : {
    "mapConfig" : [ {
      "key" : "093d2147-6e8f-4436-a9e8-d1a936794f6d",
      "name" : "SAS Open Street Map",
      "url" : "/SASVisualInvestigator/osmMapTiles/{z}/{x}/{y}",
      "default" : true,
      "options" : {
        "minZoom" : 0,
        "maxZoom" : 18,
        "attribution" : "SAS Street Tiles"
      }
    } ]
  },
  "appConfigId" : "10",
  "configBundleId" : "bundle_config_1572190",
  "version" : "10.4.0",
  "categoryId" : "category-global"
} ]