{
  "schemaVersion" : "10.4.0",
  "contextMappings" : [ {
    "clientApplication" : "desktop",
    "documentType" : "poc_ie_person_of_int",
    "mappings" : [ {
      "clientApplication" : "desktop",
      "documentType" : "poc_ie_person_of_int",
      "evaluateOrder" : 0,
      "event" : "create",
      "mode" : "C",
      "templateUUID" : "8316980a-f20e-42dc-bb74-fc553e6b1dd3",
      "toolbarEnabled" : true
    }, {
      "clientApplication" : "desktop",
      "documentType" : "poc_ie_person_of_int",
      "evaluateOrder" : 0,
      "event" : "edit",
      "mode" : "E",
      "templateUUID" : "8316980a-f20e-42dc-bb74-fc553e6b1dd3",
      "toolbarEnabled" : true
    }, {
      "clientApplication" : "desktop",
      "documentType" : "poc_ie_person_of_int",
      "evaluateOrder" : 0,
      "event" : "open",
      "mode" : "V",
      "templateUUID" : "8316980a-f20e-42dc-bb74-fc553e6b1dd3",
      "toolbarEnabled" : true
    } ]
  } ],
  "handlerName" : "datahub"
}