{
  "schemaVersion" : "10.4.0",
  "templates" : [ {
    "clientApplication" : "desktop",
    "documentType" : "person",
    "metadata" : {
      "dataSources" : [ {
        "fields" : [ "person_id", "firstname", "lastname", "risk", "email", "created_by_user_id", "created_at_dttm", "last_updated_by_user_id", "last_updated_at_dttm" ],
        "objectName" : "person"
      }, {
        "fields" : [ "name", "address", "latitude", "longitude", "radius" ],
        "objectName" : "no_go_areas"
      } ],
      "insightsEnabled" : false,
      "workspaceEnabled" : true
    },
    "name" : "person_main",
    "template" : {
      "screens" : [ {
        "childNodes" : [ {
          "attrs" : {
            "category" : "Panels",
            "id" : "8169b8c7-e306-4b5e-3775-38b222c331b0",
            "states" : {
              "readOnly" : true
            },
            "type" : "GroupBox"
          },
          "childNodes" : [ {
            "attrs" : {
              "category" : "Panels",
              "id" : "069ca5b2-8cec-4818-398d-6d5e04a5e520",
              "states" : {
                "readOnly" : true
              },
              "type" : "ColumnGroup-Two"
            },
            "childNodes" : [ {
              "attrs" : {
                "category" : "Container",
                "id" : "53e8b2e7-8f2a-47fb-34f5-87d38c99ba14",
                "type" : "ColumnContainer"
              },
              "childNodes" : [ {
                "attrs" : {
                  "category" : "Fields",
                  "id" : "09db01ae-6a1f-4ba8-34d7-b1fc4ec291cf",
                  "states" : {
                    "readOnly" : true
                  },
                  "type" : "TextInput"
                },
                "childNodes" : [ ],
                "typeAttributes" : {
                  "dataSource" : "person_id",
                  "height" : "100px",
                  "inputWidthCSSClass" : "sng-medium-input",
                  "title" : {
                    "text" : "person ID"
                  }
                }
              }, {
                "attrs" : {
                  "category" : "Fields",
                  "id" : "a892bfd2-4fd7-4faf-3b8b-db7ddb994305",
                  "states" : {
                    "readOnly" : true
                  },
                  "type" : "TextInput"
                },
                "childNodes" : [ ],
                "typeAttributes" : {
                  "dataSource" : "firstname",
                  "height" : "100px",
                  "inputWidthCSSClass" : "sng-medium-input",
                  "title" : {
                    "text" : "Firstname"
                  }
                }
              }, {
                "attrs" : {
                  "category" : "Fields",
                  "id" : "5c520c45-cfd0-4309-37cc-f6e98298e61f",
                  "states" : {
                    "readOnly" : true
                  },
                  "type" : "TextInput"
                },
                "childNodes" : [ ],
                "typeAttributes" : {
                  "dataSource" : "lastname",
                  "height" : "100px",
                  "inputWidthCSSClass" : "sng-medium-input",
                  "title" : {
                    "text" : "Lastname"
                  }
                }
              } ],
              "typeAttributes" : {
                "mdColSpan" : "6"
              }
            }, {
              "attrs" : {
                "category" : "Container",
                "id" : "ecfbb840-9c4a-4978-3167-c1bd19411071",
                "type" : "ColumnContainer"
              },
              "childNodes" : [ {
                "attrs" : {
                  "category" : "Fields",
                  "id" : "eee1c8ff-4c84-426c-31e7-bda4a2004e98",
                  "states" : {
                    "readOnly" : true
                  },
                  "type" : "TextInput"
                },
                "childNodes" : [ ],
                "typeAttributes" : {
                  "dataSource" : "risk",
                  "height" : "100px",
                  "inputWidthCSSClass" : "sng-medium-input",
                  "title" : {
                    "text" : "Risk"
                  }
                }
              }, {
                "attrs" : {
                  "category" : "Fields",
                  "id" : "5d080ee4-5bcf-49d1-3751-50d47fad43b0",
                  "states" : {
                    "readOnly" : true
                  },
                  "type" : "TextInput"
                },
                "childNodes" : [ ],
                "typeAttributes" : {
                  "dataSource" : "email",
                  "height" : "100px",
                  "inputWidthCSSClass" : "sng-medium-input",
                  "title" : {
                    "text" : "Device ID"
                  }
                }
              } ],
              "typeAttributes" : {
                "mdColSpan" : "6"
              }
            } ],
            "typeAttributes" : {
              "title" : {
                "text" : "2-Column"
              }
            }
          } ],
          "typeAttributes" : {
            "title" : {
              "text" : "Person Details"
            }
          }
        }, {
          "_associatedDocType" : "no_go_areas",
          "attrs" : {
            "category" : "Fields",
            "id" : "857b27e9-6a3f-4c62-314c-236166c6972a",
            "states" : {
              "readOnly" : true
            },
            "type" : "SubDocumentViewer"
          },
          "childNodes" : [ {
            "_associatedDocType" : "no_go_areas",
            "attrs" : {
              "category" : "Panels",
              "id" : "573db05e-cd8c-42e5-3646-6c550edc4c38",
              "states" : {
                "readOnly" : true
              },
              "type" : "ColumnGroup-Two"
            },
            "childNodes" : [ {
              "_associatedDocType" : "no_go_areas",
              "attrs" : {
                "category" : "Container",
                "id" : "8d925fbb-aa3b-45d6-3215-5ebe58ca0a9f",
                "type" : "ColumnContainer"
              },
              "childNodes" : [ {
                "_associatedDocType" : "no_go_areas",
                "attrs" : {
                  "category" : "Fields",
                  "id" : "9eac81ae-e58d-4642-3c93-af1082393370",
                  "states" : {
                    "readOnly" : true
                  },
                  "type" : "TextInput"
                },
                "childNodes" : [ ],
                "typeAttributes" : {
                  "dataSource" : "name",
                  "height" : "100px",
                  "inputWidthCSSClass" : "sng-medium-input",
                  "title" : {
                    "text" : "Name"
                  }
                }
              }, {
                "_associatedDocType" : "no_go_areas",
                "attrs" : {
                  "category" : "Fields",
                  "id" : "f6ceeb3a-a6de-4406-35d5-c984492ceabb",
                  "states" : {
                    "readOnly" : true
                  },
                  "type" : "TextInput"
                },
                "childNodes" : [ ],
                "typeAttributes" : {
                  "dataSource" : "address",
                  "height" : "100px",
                  "inputWidthCSSClass" : "sng-medium-input",
                  "title" : {
                    "text" : "Address"
                  }
                }
              }, {
                "_associatedDocType" : "no_go_areas",
                "attrs" : {
                  "category" : "Fields",
                  "id" : "79262ac6-50b4-4b96-34e1-8a49f67e910b",
                  "states" : {
                    "readOnly" : true
                  },
                  "type" : "NumberInput"
                },
                "childNodes" : [ ],
                "typeAttributes" : {
                  "alignment" : "TRAILING",
                  "dataSource" : "radius",
                  "fractional" : true,
                  "inputWidthCSSClass" : "sng-medium-input",
                  "places" : 2,
                  "title" : {
                    "text" : "Radius (m)"
                  }
                }
              } ],
              "typeAttributes" : {
                "mdColSpan" : "6"
              }
            }, {
              "_associatedDocType" : "no_go_areas",
              "attrs" : {
                "category" : "Container",
                "id" : "b4eb411a-f1fd-4906-30f0-28f31146ee80",
                "type" : "ColumnContainer"
              },
              "childNodes" : [ {
                "_associatedDocType" : "no_go_areas",
                "attrs" : {
                  "category" : "Fields",
                  "id" : "22703534-f1d3-4455-36f4-696f270ed48b",
                  "states" : {
                    "readOnly" : true
                  },
                  "type" : "NumberInput"
                },
                "childNodes" : [ ],
                "typeAttributes" : {
                  "alignment" : "TRAILING",
                  "dataSource" : "latitude",
                  "fractional" : true,
                  "inputWidthCSSClass" : "sng-medium-input",
                  "places" : 7,
                  "title" : {
                    "text" : "Latitude"
                  }
                }
              }, {
                "_associatedDocType" : "no_go_areas",
                "attrs" : {
                  "category" : "Fields",
                  "id" : "99d6469c-4913-469c-39f3-208cfae70441",
                  "states" : {
                    "readOnly" : true
                  },
                  "type" : "NumberInput"
                },
                "childNodes" : [ ],
                "typeAttributes" : {
                  "alignment" : "TRAILING",
                  "dataSource" : "longitude",
                  "fractional" : true,
                  "inputWidthCSSClass" : "sng-medium-input",
                  "places" : 7,
                  "title" : {
                    "text" : "Longitude"
                  }
                }
              } ],
              "typeAttributes" : {
                "mdColSpan" : "6"
              }
            } ],
            "typeAttributes" : {
              "title" : {
                "text" : "2-Column"
              }
            }
          }, {
            "_associatedDocType" : "no_go_areas",
            "attrs" : {
              "category" : "Fields",
              "id" : "2f945ba6-913a-41d1-3a13-3b7cf6150ea7",
              "states" : {
                "readOnly" : false
              },
              "type" : "map-directive"
            },
            "childNodes" : [ ],
            "typeAttributes" : {
              "depth" : "1",
              "height" : "300px",
              "lat" : "latitude",
              "long" : "longitude",
              "title" : {
                "text" : "Longitude"
              }
            }
          } ],
          "typeAttributes" : {
            "showSubDocumentPreview" : false,
            "subDocumentDataSource" : {
              "selectedFieldColumns" : [ "name", "address", "latitude", "longitude", "radius" ],
              "sort" : {
                "dir" : "asc"
              },
              "subDocumentType" : "no_go_areas"
            },
            "title" : {
              "text" : "No Go Areas"
            }
          }
        } ],
        "events" : { },
        "id" : "f7e34d3c-f374-47c1-3647-a4f48d908339",
        "name" : "Details"
      }, {
        "childNodes" : [ {
          "_fullScreen" : true,
          "attrs" : {
            "category" : "Fields",
            "id" : "f622630c-aeb1-408a-3925-d5585de969c8",
            "states" : {
              "readOnly" : false
            },
            "type" : "Relationships"
          },
          "childNodes" : [ ],
          "typeAttributes" : {
            "height" : "100%",
            "relationshipSummary" : {
              "alerts__alert_alertedObject" : {
                "detailsPageUuid" : "a1c70d79-5a32-40ef-9cde-150cba5b5f71",
                "showObjectDetailsPage" : true,
                "titleText" : "Alert to Alerted Object"
              }
            },
            "relationships" : [ "alerts__alert_alertedObject" ],
            "resultEntities" : { },
            "title" : {
              "text" : "Relationships"
            },
            "traversals" : [ ]
          }
        } ],
        "events" : { },
        "id" : "6feef0a6-f1e8-4c01-3856-c0840c53df25",
        "locked" : true,
        "name" : "Related Alerts"
      }, {
        "childNodes" : [ {
          "attrs" : {
            "category" : "Fields",
            "id" : "ddc1f72e-c2d7-4f3b-3538-39c4b5af12d8",
            "states" : {
              "readOnly" : false
            },
            "type" : "Text"
          },
          "childNodes" : [ ],
          "typeAttributes" : {
            "tag" : "span",
            "title" : {
              "text" : "Audit Information"
            }
          }
        }, {
          "attrs" : {
            "category" : "Panels",
            "id" : "0e3cc2d2-0767-4864-3f00-2bc261c1be80",
            "states" : {
              "readOnly" : true
            },
            "type" : "ColumnGroup-Two"
          },
          "childNodes" : [ {
            "attrs" : {
              "category" : "Container",
              "id" : "79a92d36-f6e7-4a84-3fc8-f6ab4e218025",
              "type" : "ColumnContainer"
            },
            "childNodes" : [ {
              "attrs" : {
                "category" : "Fields",
                "id" : "60adca64-8f41-4343-3d90-ecdc56d7afaa",
                "states" : {
                  "readOnly" : true
                },
                "type" : "TextInput"
              },
              "childNodes" : [ ],
              "typeAttributes" : {
                "dataSource" : "created_by_user_id",
                "height" : "100px",
                "inputWidthCSSClass" : "sng-medium-input",
                "title" : {
                  "text" : "Created By"
                }
              }
            }, {
              "attrs" : {
                "category" : "Fields",
                "id" : "6aca64cc-c4e5-4103-3125-0e81ef891430",
                "states" : {
                  "readOnly" : true
                },
                "type" : "DateTime"
              },
              "childNodes" : [ ],
              "typeAttributes" : {
                "dataSource" : "created_at_dttm",
                "dateFormat" : "LOCALE",
                "showTime" : true,
                "title" : {
                  "text" : "Date-Time Created"
                }
              }
            } ],
            "typeAttributes" : {
              "mdColSpan" : "6"
            }
          }, {
            "attrs" : {
              "category" : "Container",
              "id" : "b0f2d5a8-c622-4828-3a57-aa5d135c5ee6",
              "type" : "ColumnContainer"
            },
            "childNodes" : [ {
              "attrs" : {
                "category" : "Fields",
                "id" : "f00a8b82-b947-4ed7-30f3-52dfd5e13658",
                "states" : {
                  "readOnly" : true
                },
                "type" : "TextInput"
              },
              "childNodes" : [ ],
              "typeAttributes" : {
                "dataSource" : "last_updated_by_user_id",
                "height" : "100px",
                "inputWidthCSSClass" : "sng-medium-input",
                "title" : {
                  "text" : "Last Modified By"
                }
              }
            }, {
              "attrs" : {
                "category" : "Fields",
                "id" : "13bbab73-99b9-44b9-3cd3-7ae4b836a58c",
                "states" : {
                  "readOnly" : true
                },
                "type" : "DateTime"
              },
              "childNodes" : [ ],
              "typeAttributes" : {
                "dataSource" : "last_updated_at_dttm",
                "dateFormat" : "LOCALE",
                "showTime" : true,
                "title" : {
                  "text" : "Last Modified Date-Time"
                }
              }
            } ],
            "typeAttributes" : {
              "mdColSpan" : "6"
            }
          } ],
          "typeAttributes" : {
            "title" : {
              "text" : "2-Column"
            }
          }
        } ],
        "events" : { },
        "id" : "0e54f5a6-cfc9-4f0a-3d31-5be014f5aa57",
        "name" : "Audit"
      } ],
      "showTabs" : true,
      "title" : ""
    },
    "templateType" : "page",
    "uuid" : "b8b4cb50-44e6-462c-b719-397d5699e710"
  } ],
  "handlerName" : "datahub"
}