{
  "schemaVersion" : "10.4.0",
  "contextMappings" : [ {
    "clientApplication" : "desktop",
    "documentType" : "person",
    "mappings" : [ {
      "clientApplication" : "desktop",
      "documentType" : "person",
      "evaluateOrder" : 0,
      "event" : "create",
      "mode" : "C",
      "templateUUID" : "b8b4cb50-44e6-462c-b719-397d5699e710",
      "toolbarEnabled" : true
    }, {
      "clientApplication" : "desktop",
      "documentType" : "person",
      "evaluateOrder" : 0,
      "event" : "edit",
      "mode" : "E",
      "templateUUID" : "b8b4cb50-44e6-462c-b719-397d5699e710",
      "toolbarEnabled" : true
    }, {
      "clientApplication" : "desktop",
      "documentType" : "person",
      "evaluateOrder" : 0,
      "event" : "open",
      "mode" : "V",
      "templateUUID" : "b8b4cb50-44e6-462c-b719-397d5699e710",
      "toolbarEnabled" : true
    } ]
  } ],
  "handlerName" : "datahub"
}