{
  "category" : "entity_link",
  "fields" : { },
  "options" : {
    "dynamic" : "true",
    "indexed_for_search" : true,
    "number_of_replicas" : 1,
    "number_of_shards" : 1,
    "refresh_interval" : 1
  },
  "config" : {
    "label" : {
      "template" : "{0}",
      "values" : [ "_linktype" ]
    }
  },
  "links" : [ {
    "method" : "GET",
    "rel" : "self",
    "href" : "/svi-sand/admin/config/types/entity_link",
    "uri" : "/svi-sand/admin/config/types/entity_link",
    "type" : "application/vnd.sas.sand.type"
  }, {
    "method" : "PUT",
    "rel" : "update",
    "href" : "/svi-sand/admin/config/types/entity_link",
    "uri" : "/svi-sand/admin/config/types/entity_link",
    "type" : "application/vnd.sas.sand.type"
  }, {
    "method" : "DELETE",
    "rel" : "delete",
    "href" : "/svi-sand/admin/config/types/entity_link",
    "uri" : "/svi-sand/admin/config/types/entity_link"
  }, {
    "method" : "POST",
    "rel" : "refresh",
    "href" : "/svi-sand/admin/config/types/entity_link/refresh?statusOnly=false",
    "uri" : "/svi-sand/admin/config/types/entity_link/refresh?statusOnly=false",
    "responseType" : "application/vnd.sas.sand.type.status"
  }, {
    "method" : "GET",
    "rel" : "up",
    "href" : "/svi-sand/admin/config/types",
    "uri" : "/svi-sand/admin/config/types",
    "type" : "application/vnd.sas.sand.types"
  } ]
}