{
  "displayName" : "POC Person Of Interest",
  "category" : "document",
  "fields" : {
    "created_at_dttm" : {
      "displayName" : "Date-Time Created",
      "type" : "date",
      "options" : {
        "format" : "dateOptionalTime",
        "include_in_all" : false,
        "indexed_for_search" : true
      }
    },
    "created_by_user_id" : {
      "displayName" : "Created By",
      "type" : "text",
      "options" : {
        "features" : [ "search" ],
        "include_in_all" : true,
        "indexed_for_search" : true
      }
    },
    "device_id" : {
      "displayName" : "Device ID",
      "type" : "text",
      "options" : {
        "features" : [ "search", "sort" ],
        "include_in_all" : true,
        "indexed_for_search" : true
      }
    },
    "firstname" : {
      "displayName" : "Firstname",
      "type" : "text",
      "options" : {
        "features" : [ "search", "sort" ],
        "include_in_all" : true,
        "indexed_for_search" : true
      }
    },
    "gender" : {
      "displayName" : "Gender",
      "type" : "object",
      "options" : {
        "include_in_all" : true,
        "indexed_for_search" : true
      },
      "innerFields" : {
        "code" : {
          "displayName" : "Gender",
          "type" : "text",
          "options" : {
            "features" : [ "search" ],
            "include_in_all" : true,
            "indexed_for_search" : true
          }
        },
        "label" : {
          "displayName" : "Gender",
          "type" : "text",
          "options" : {
            "features" : [ "search", "sort" ],
            "include_in_all" : true,
            "indexed_for_search" : true
          }
        }
      }
    },
    "last_updated_at_dttm" : {
      "displayName" : "Last Modified Date-Time",
      "type" : "date",
      "options" : {
        "format" : "dateOptionalTime",
        "include_in_all" : false,
        "indexed_for_search" : true
      }
    },
    "last_updated_by_user_id" : {
      "displayName" : "Last Modified By",
      "type" : "text",
      "options" : {
        "features" : [ "search" ],
        "include_in_all" : true,
        "indexed_for_search" : true
      }
    },
    "lastname" : {
      "displayName" : "Lastname",
      "type" : "text",
      "options" : {
        "features" : [ "search", "sort" ],
        "include_in_all" : true,
        "indexed_for_search" : true
      }
    },
    "poc_ch_risk_zones" : {
      "displayName" : "POC Risk Zones",
      "type" : "object",
      "options" : {
        "include_in_all" : true
      },
      "innerFields" : {
        "address" : {
          "displayName" : "Address",
          "type" : "text",
          "options" : {
            "features" : [ "search" ],
            "include_in_all" : true,
            "indexed_for_search" : true
          }
        },
        "latitude" : {
          "displayName" : "Latitude",
          "type" : "double",
          "options" : {
            "include_in_all" : true,
            "indexed_for_search" : true
          }
        },
        "longitude" : {
          "displayName" : "Longitude",
          "type" : "double",
          "options" : {
            "include_in_all" : true,
            "indexed_for_search" : true
          }
        },
        "name" : {
          "displayName" : "Name",
          "type" : "text",
          "options" : {
            "features" : [ "search" ],
            "include_in_all" : true,
            "indexed_for_search" : true
          }
        },
        "poc_ch_risk_zones_id" : {
          "displayName" : "poc_ch_risk_zones ID",
          "type" : "text",
          "options" : {
            "features" : [ "search" ],
            "include_in_all" : true,
            "indexed_for_search" : true
          }
        },
        "poc_ie_person_of_int_id" : {
          "displayName" : "poc_ie_person_of_int ID",
          "type" : "text",
          "options" : {
            "features" : [ "search" ],
            "include_in_all" : true,
            "indexed_for_search" : true
          }
        },
        "radius" : {
          "displayName" : "Radius",
          "type" : "double",
          "options" : {
            "include_in_all" : true,
            "indexed_for_search" : true
          }
        }
      }
    },
    "poc_ie_person_of_int_id" : {
      "displayName" : "poc_ie_person_of_int ID",
      "type" : "text",
      "options" : {
        "features" : [ "search" ],
        "include_in_all" : true,
        "indexed_for_search" : true
      }
    },
    "risk" : {
      "displayName" : "Risk",
      "type" : "text",
      "options" : {
        "features" : [ "search", "sort" ],
        "include_in_all" : true,
        "indexed_for_search" : true
      }
    },
    "version" : {
      "displayName" : "Version",
      "type" : "long",
      "options" : {
        "include_in_all" : true,
        "indexed_for_search" : true
      }
    }
  },
  "options" : {
    "dynamic" : "false",
    "external_entity" : false,
    "indexed_for_search" : true,
    "number_of_replicas" : 1,
    "number_of_shards" : 1,
    "refresh_interval" : 1
  },
  "config" : {
    "summary" : {
      "fields" : [ "device_id", "firstname", "lastname", "gender.label", "risk", "poc_ie_person_of_int_id", "created_by_user_id" ],
      "highlighting" : {
        "device_id" : {
          "fragments" : 3,
          "fragment_size" : 150
        },
        "firstname" : {
          "fragments" : 3,
          "fragment_size" : 150
        },
        "gender.label" : {
          "fragments" : 3,
          "fragment_size" : 150
        },
        "lastname" : {
          "fragments" : 3,
          "fragment_size" : 150
        },
        "risk" : {
          "fragments" : 3,
          "fragment_size" : 150
        }
      }
    },
    "table" : {
      "fields" : [ "firstname", "lastname", "gender.label", "risk", "device_id" ]
    },
    "label" : {
      "template" : "{0} {1}",
      "values" : [ "firstname", "lastname" ]
    }
  },
  "links" : [ {
    "method" : "GET",
    "rel" : "self",
    "href" : "/svi-sand/admin/config/types/poc_ie_person_of_int",
    "uri" : "/svi-sand/admin/config/types/poc_ie_person_of_int",
    "type" : "application/vnd.sas.sand.type"
  }, {
    "method" : "PUT",
    "rel" : "update",
    "href" : "/svi-sand/admin/config/types/poc_ie_person_of_int",
    "uri" : "/svi-sand/admin/config/types/poc_ie_person_of_int",
    "type" : "application/vnd.sas.sand.type"
  }, {
    "method" : "DELETE",
    "rel" : "delete",
    "href" : "/svi-sand/admin/config/types/poc_ie_person_of_int",
    "uri" : "/svi-sand/admin/config/types/poc_ie_person_of_int"
  }, {
    "method" : "POST",
    "rel" : "refresh",
    "href" : "/svi-sand/admin/config/types/poc_ie_person_of_int/refresh?statusOnly=false",
    "uri" : "/svi-sand/admin/config/types/poc_ie_person_of_int/refresh?statusOnly=false",
    "responseType" : "application/vnd.sas.sand.type.status"
  }, {
    "method" : "GET",
    "rel" : "up",
    "href" : "/svi-sand/admin/config/types",
    "uri" : "/svi-sand/admin/config/types",
    "type" : "application/vnd.sas.sand.types"
  } ]
}