{
  "displayName" : "Person",
  "category" : "document",
  "fields" : {
    "created_at_dttm" : {
      "displayName" : "Date-Time Created",
      "type" : "date",
      "options" : {
        "format" : "dateOptionalTime",
        "include_in_all" : false,
        "indexed_for_search" : true
      }
    },
    "created_by_user_id" : {
      "displayName" : "Created By",
      "type" : "text",
      "options" : {
        "features" : [ "search" ],
        "include_in_all" : true,
        "indexed_for_search" : true
      }
    },
    "email" : {
      "displayName" : "Device ID",
      "type" : "text",
      "options" : {
        "features" : [ "search", "sort" ],
        "include_in_all" : true,
        "indexed_for_search" : true
      }
    },
    "firstname" : {
      "displayName" : "Firstname",
      "type" : "text",
      "options" : {
        "features" : [ "search", "sort" ],
        "include_in_all" : true,
        "indexed_for_search" : true
      }
    },
    "last_updated_at_dttm" : {
      "displayName" : "Last Modified Date-Time",
      "type" : "date",
      "options" : {
        "format" : "dateOptionalTime",
        "include_in_all" : false,
        "indexed_for_search" : true
      }
    },
    "last_updated_by_user_id" : {
      "displayName" : "Last Modified By",
      "type" : "text",
      "options" : {
        "features" : [ "search" ],
        "include_in_all" : true,
        "indexed_for_search" : true
      }
    },
    "lastname" : {
      "displayName" : "Lastname",
      "type" : "text",
      "options" : {
        "features" : [ "search", "sort" ],
        "include_in_all" : true,
        "indexed_for_search" : true
      }
    },
    "no_go_areas" : {
      "displayName" : "No Go Areas",
      "type" : "object",
      "options" : {
        "include_in_all" : true
      },
      "innerFields" : {
        "address" : {
          "displayName" : "Address",
          "type" : "text",
          "options" : {
            "features" : [ "search" ],
            "include_in_all" : true,
            "indexed_for_search" : true
          }
        },
        "latitude" : {
          "displayName" : "Latitude",
          "type" : "double",
          "options" : {
            "include_in_all" : true,
            "indexed_for_search" : true
          }
        },
        "longitude" : {
          "displayName" : "Longitude",
          "type" : "double",
          "options" : {
            "include_in_all" : true,
            "indexed_for_search" : true
          }
        },
        "name" : {
          "displayName" : "Name",
          "type" : "text",
          "options" : {
            "features" : [ "search" ],
            "include_in_all" : true,
            "indexed_for_search" : true
          }
        },
        "no_go_areas_id" : {
          "displayName" : "no_go_areas ID",
          "type" : "text",
          "options" : {
            "features" : [ "search" ],
            "include_in_all" : true,
            "indexed_for_search" : true
          }
        },
        "person_id" : {
          "displayName" : "person ID",
          "type" : "text",
          "options" : {
            "features" : [ "search" ],
            "include_in_all" : true,
            "indexed_for_search" : true
          }
        },
        "radius" : {
          "displayName" : "Radius",
          "type" : "double",
          "options" : {
            "include_in_all" : true,
            "indexed_for_search" : true
          }
        }
      }
    },
    "person_id" : {
      "displayName" : "person ID",
      "type" : "text",
      "options" : {
        "features" : [ "search" ],
        "include_in_all" : true,
        "indexed_for_search" : true
      }
    },
    "risk" : {
      "displayName" : "Risk",
      "type" : "text",
      "options" : {
        "features" : [ "search", "sort" ],
        "include_in_all" : true,
        "indexed_for_search" : true
      }
    },
    "version" : {
      "displayName" : "Version",
      "type" : "long",
      "options" : {
        "include_in_all" : true,
        "indexed_for_search" : true
      }
    }
  },
  "options" : {
    "dynamic" : "false",
    "external_entity" : false,
    "indexed_for_search" : true,
    "number_of_replicas" : 1,
    "number_of_shards" : 1,
    "refresh_interval" : 1
  },
  "config" : {
    "summary" : {
      "fields" : [ "email", "firstname", "lastname", "risk", "person_id", "created_by_user_id" ],
      "highlighting" : {
        "email" : {
          "fragments" : 3,
          "fragment_size" : 150
        },
        "firstname" : {
          "fragments" : 3,
          "fragment_size" : 150
        },
        "lastname" : {
          "fragments" : 3,
          "fragment_size" : 150
        },
        "risk" : {
          "fragments" : 3,
          "fragment_size" : 150
        }
      }
    },
    "table" : {
      "fields" : [ "firstname", "lastname", "risk", "email" ]
    },
    "events" : [ {
      "root" : "no_go_areas",
      "fields" : {
        "category" : "person",
        "label" : "No Go Areas: {/firstname} {/lastname}",
        "longitude" : "longitude",
        "latitude" : "latitude"
      }
    } ],
    "label" : {
      "template" : "{0} {1}",
      "values" : [ "firstname", "lastname" ]
    }
  },
  "links" : [ {
    "method" : "GET",
    "rel" : "self",
    "href" : "/svi-sand/admin/config/types/person",
    "uri" : "/svi-sand/admin/config/types/person",
    "type" : "application/vnd.sas.sand.type"
  }, {
    "method" : "PUT",
    "rel" : "update",
    "href" : "/svi-sand/admin/config/types/person",
    "uri" : "/svi-sand/admin/config/types/person",
    "type" : "application/vnd.sas.sand.type"
  }, {
    "method" : "DELETE",
    "rel" : "delete",
    "href" : "/svi-sand/admin/config/types/person",
    "uri" : "/svi-sand/admin/config/types/person"
  }, {
    "method" : "POST",
    "rel" : "refresh",
    "href" : "/svi-sand/admin/config/types/person/refresh?statusOnly=false",
    "uri" : "/svi-sand/admin/config/types/person/refresh?statusOnly=false",
    "responseType" : "application/vnd.sas.sand.type.status"
  }, {
    "method" : "GET",
    "rel" : "up",
    "href" : "/svi-sand/admin/config/types",
    "uri" : "/svi-sand/admin/config/types",
    "type" : "application/vnd.sas.sand.types"
  } ]
}