{
  "schemaVersion" : "10.4.0",
  "referenceLists" : [ {
    "alphabeticalSort" : false,
    "archived" : false,
    "items" : [ {
      "archived" : false,
      "code" : "0",
      "displayIndex" : 0,
      "localizedLabels" : [ {
        "label" : "M",
        "localeCd" : "en-US"
      } ]
    }, {
      "archived" : false,
      "code" : "1",
      "displayIndex" : 1,
      "localizedLabels" : [ {
        "label" : "F",
        "localeCd" : "en-US"
      } ]
    }, {
      "archived" : false,
      "code" : "2",
      "displayIndex" : 2,
      "localizedLabels" : [ {
        "label" : "U",
        "localeCd" : "en-US"
      } ]
    } ],
    "localizedLabels" : [ {
      "label" : "poc_gender",
      "localeCd" : "en-US"
    } ],
    "maxCodeLength" : 10,
    "name" : "poc_gender"
  } ],
  "handlerName" : "datahub"
}