[ {
  "appConfigId" : "10",
  "appName" : "Commons",
  "appType" : "Core",
  "urlPathToBootStrap" : "sas/fcs/commons/bootstrap",
  "loadOrder" : 0,
  "moduleName" : "sngCommons",
  "version" : 1,
  "nullSafeVersion" : 1
}, {
  "appConfigId" : "100",
  "appName" : "UserManager",
  "appType" : "Admin",
  "urlPathToBootStrap" : "sas/fcs/workspace/bootstrap",
  "loadOrder" : 9,
  "moduleName" : "workspace",
  "version" : 1,
  "nullSafeVersion" : 1
}, {
  "appConfigId" : "101",
  "appName" : "HomePage",
  "appType" : "Core",
  "urlPathToBootStrap" : "sas/fcs/page-builder/homepage/bootstrap",
  "loadOrder" : 10,
  "moduleName" : "sngHomepage",
  "version" : 1,
  "nullSafeVersion" : 1
}, {
  "appConfigId" : "102",
  "appName" : "HomePage",
  "appType" : "Admin",
  "urlPathToBootStrap" : "sas/fcs/page-builder/homepage/bootstrap",
  "loadOrder" : 10,
  "moduleName" : "sngHomepage",
  "version" : 1,
  "nullSafeVersion" : 1
}, {
  "appConfigId" : "11",
  "appName" : "Commons",
  "appType" : "Admin",
  "urlPathToBootStrap" : "sas/fcs/commons/bootstrap",
  "loadOrder" : 0,
  "moduleName" : "sngCommons",
  "version" : 1,
  "nullSafeVersion" : 1
}, {
  "appConfigId" : "110",
  "appName" : "AI",
  "appType" : "Admin",
  "urlPathToBootStrap" : "sas/fcs/ai/bootstrap",
  "loadOrder" : 10,
  "moduleName" : "sngAI",
  "version" : 1,
  "nullSafeVersion" : 1
}, {
  "appConfigId" : "130",
  "appName" : "Audit",
  "appType" : "Core",
  "urlPathToBootStrap" : "sas/fcs/audit/bootstrap",
  "loadOrder" : 12,
  "moduleName" : "sngAudit",
  "version" : 1,
  "nullSafeVersion" : 1
}, {
  "appConfigId" : "20",
  "appName" : "Workspace",
  "appType" : "Core",
  "urlPathToBootStrap" : "sas/fcs/workspace/bootstrap",
  "loadOrder" : 1,
  "moduleName" : "workspace",
  "version" : 1,
  "nullSafeVersion" : 1
}, {
  "appConfigId" : "21",
  "appName" : "Workspace",
  "appType" : "Admin",
  "urlPathToBootStrap" : "sas/fcs/workspace/bootstrap",
  "loadOrder" : 1,
  "moduleName" : "workspace",
  "version" : 1,
  "nullSafeVersion" : 1
}, {
  "appConfigId" : "22",
  "appName" : "Workspace",
  "appType" : "Core",
  "urlPathToBootStrap" : "sas/fcs/workspace/reporting/bootstrap",
  "loadOrder" : 1,
  "moduleName" : "workspace.reporting",
  "version" : 1,
  "nullSafeVersion" : 1
}, {
  "appConfigId" : "23",
  "appName" : "Workspace",
  "appType" : "Admin",
  "urlPathToBootStrap" : "sas/fcs/workspace/reporting/bootstrap",
  "loadOrder" : 0,
  "moduleName" : "workspace.reporting",
  "version" : 1,
  "nullSafeVersion" : 1
}, {
  "appConfigId" : "30",
  "appName" : "TDC",
  "appType" : "Core",
  "urlPathToBootStrap" : "sas/fcs/tdc/bootstrap",
  "loadOrder" : 2,
  "moduleName" : "sngTDC",
  "version" : 1,
  "nullSafeVersion" : 1
}, {
  "appConfigId" : "31",
  "appName" : "TDC",
  "appType" : "Admin",
  "urlPathToBootStrap" : "sas/fcs/tdc/bootstrap",
  "loadOrder" : 2,
  "moduleName" : "sngTDC",
  "version" : 1,
  "nullSafeVersion" : 1
}, {
  "appConfigId" : "40",
  "appName" : "PageBuilderViewer",
  "appType" : "Admin",
  "urlPathToBootStrap" : "sas/fcs/page-builder/page-designer/bootstrap",
  "loadOrder" : 4,
  "moduleName" : "sngPageDesigner",
  "version" : 1,
  "nullSafeVersion" : 1
}, {
  "appConfigId" : "400",
  "appName" : "Workflow",
  "appType" : "Admin",
  "urlPathToBootStrap" : "sas/fcs/workflow/bootstrap",
  "loadOrder" : 11,
  "moduleName" : "sngWorkflow",
  "version" : 1,
  "nullSafeVersion" : 1
}, {
  "appConfigId" : "401",
  "appName" : "Workflow",
  "appType" : "Core",
  "urlPathToBootStrap" : "sas/fcs/workflow/bootstrap",
  "loadOrder" : 11,
  "moduleName" : "sngWorkflow",
  "version" : 1,
  "nullSafeVersion" : 1
}, {
  "appConfigId" : "405",
  "appName" : "TextAnalytics",
  "appType" : "Core",
  "urlPathToBootStrap" : "sas/textAnalytics/bootstrap",
  "loadOrder" : 13,
  "moduleName" : "sngTxtAna",
  "version" : 1,
  "nullSafeVersion" : 1
}, {
  "appConfigId" : "41",
  "appName" : "PageBuilderViewer",
  "appType" : "Core",
  "urlPathToBootStrap" : "sas/fcs/page-builder/page-viewer/bootstrap",
  "loadOrder" : 4,
  "moduleName" : "sngPageViewer",
  "version" : 1,
  "nullSafeVersion" : 1
}, {
  "appConfigId" : "50",
  "appName" : "Workbooks",
  "appType" : "Core",
  "urlPathToBootStrap" : "sas/workbooks/bootstrap",
  "loadOrder" : 5,
  "moduleName" : "sngWorkbooks",
  "version" : 1,
  "nullSafeVersion" : 1
}, {
  "appConfigId" : "51",
  "appName" : "Workbooks",
  "appType" : "Admin",
  "urlPathToBootStrap" : "sas/workbooks/bootstrap",
  "loadOrder" : 5,
  "moduleName" : "sngWorkbooks",
  "version" : 1,
  "nullSafeVersion" : 1
}, {
  "appConfigId" : "60",
  "appName" : "SAND",
  "appType" : "Admin",
  "urlPathToBootStrap" : "sas/sand/bootstrap",
  "loadOrder" : 6,
  "moduleName" : "sngSAND",
  "version" : 1,
  "nullSafeVersion" : 1
}, {
  "appConfigId" : "61",
  "appName" : "SAND",
  "appType" : "Core",
  "urlPathToBootStrap" : "sas/sand/bootstrap",
  "loadOrder" : 6,
  "moduleName" : "sngSAND",
  "version" : 1,
  "nullSafeVersion" : 1
}, {
  "appConfigId" : "70",
  "appName" : "Entity",
  "appType" : "Admin",
  "urlPathToBootStrap" : "sas/fcs/entity/bootstrap",
  "loadOrder" : 7,
  "moduleName" : "sngEntity",
  "version" : 1,
  "nullSafeVersion" : 1
}, {
  "appConfigId" : "71",
  "appName" : "Entity",
  "appType" : "Core",
  "urlPathToBootStrap" : "sas/fcs/entity/bootstrap",
  "loadOrder" : 7,
  "moduleName" : "sngEntity",
  "version" : 1,
  "nullSafeVersion" : 1
}, {
  "appConfigId" : "80",
  "appName" : "AdminHub",
  "appType" : "Admin",
  "urlPathToBootStrap" : "sas/fcs/fdh/bootstrap",
  "loadOrder" : 8,
  "moduleName" : "sngHubAdmin",
  "version" : 1,
  "nullSafeVersion" : 1
}, {
  "appConfigId" : "81",
  "appName" : "HubCommons",
  "appType" : "Core",
  "urlPathToBootStrap" : "sas/fcs/fdh/hub-commons/bootstrap",
  "loadOrder" : 8,
  "moduleName" : "sngHubCommons",
  "version" : 1,
  "nullSafeVersion" : 1
}, {
  "appConfigId" : "82",
  "appName" : "HubCommons",
  "appType" : "Admin",
  "urlPathToBootStrap" : "sas/fcs/fdh/hub-commons/bootstrap",
  "loadOrder" : 8,
  "moduleName" : "sngHubCommons",
  "version" : 1,
  "nullSafeVersion" : 1
}, {
  "appConfigId" : "90",
  "appName" : "TraversalDesigner",
  "appType" : "Admin",
  "urlPathToBootStrap" : "sas/fcs/page-builder/traversals-designer/bootstrap",
  "loadOrder" : 4,
  "moduleName" : "sngTraversalDesigner",
  "version" : 1,
  "nullSafeVersion" : 1
}, {
  "appConfigId" : "MobileAdmin",
  "appName" : "MobileAdmin",
  "appType" : "Admin",
  "urlPathToBootStrap" : "/SASMobileInvestigator/scripts/sas/fcs/mobile/smi/smiAdminApp.js",
  "loadOrder" : 20,
  "moduleName" : "sngMobileAdmin",
  "version" : 1,
  "urlPathToApplicationCheck" : "/SASMobileInvestigator/status",
  "nullSafeVersion" : 1
} ]