[ {
  "tabConfigId" : "1",
  "tabName" : "page-designer-pages",
  "title" : "pageDesigner.tab.title",
  "tabOrder" : 3,
  "appConfigId" : "40",
  "requiredFeatures" : [ "svi.administration.core_metadata" ],
  "version" : 1,
  "nullSafeVersion" : 1
}, {
  "tabConfigId" : "10",
  "tabName" : "ai-main",
  "title" : "aiMain.tab.title",
  "tabOrder" : 9,
  "appConfigId" : "110",
  "requiredFeatures" : [ "svi.analyzeindex" ],
  "version" : 1,
  "nullSafeVersion" : 1
}, {
  "tabConfigId" : "11",
  "tabName" : "homepage",
  "title" : "homePage.tab.title",
  "tabOrder" : 0,
  "appConfigId" : "101",
  "requiredFeatures" : [ "svi.homepage" ],
  "version" : 1,
  "nullSafeVersion" : 1
}, {
  "tabConfigId" : "12",
  "tabName" : "jobs",
  "title" : "jobs.tab.title",
  "tabOrder" : 10,
  "appConfigId" : "21",
  "requiredFeatures" : [ "svi.feature.jobs" ],
  "version" : 1,
  "nullSafeVersion" : 1
}, {
  "tabConfigId" : "13",
  "tabName" : "svi-mgmt-reports",
  "title" : "svi.mgmt.report.tab.title",
  "tabOrder" : 3,
  "appConfigId" : "22",
  "requiredFeatures" : [ "svi.audit", "svi.workflows.operational_management.view", "svi.alert.operational_management.view" ],
  "version" : 1,
  "nullSafeVersion" : 1
}, {
  "tabConfigId" : "2",
  "tabName" : "sand-search",
  "title" : "sandSearch.tab.title",
  "tabOrder" : 4,
  "appConfigId" : "61",
  "requiredFeatures" : [ "svi.search" ],
  "version" : 1,
  "nullSafeVersion" : 1
}, {
  "tabConfigId" : "3",
  "tabName" : "alerts-triage",
  "title" : "tdcAlert.tab.title",
  "tabOrder" : 1,
  "appConfigId" : "30",
  "requiredFeatures" : [ "svi.alert.disposition" ],
  "version" : 2,
  "nullSafeVersion" : 2
}, {
  "tabConfigId" : "4",
  "tabName" : "alerts-routing-admin",
  "title" : "alertRouting.tab.title",
  "tabOrder" : 5,
  "appConfigId" : "31",
  "requiredFeatures" : [ "svi.administration.alerts" ],
  "version" : 2,
  "nullSafeVersion" : 2
}, {
  "tabConfigId" : "400",
  "tabName" : "workflow-main",
  "title" : "workflows.tab.title",
  "tabOrder" : 4,
  "appConfigId" : "400",
  "requiredFeatures" : [ "svi.administration.workflows.setting", "svi.administration.workflows", "svi.administration.workflows.process" ],
  "version" : 1,
  "nullSafeVersion" : 1
}, {
  "tabConfigId" : "401",
  "tabName" : "workflow-tasks-main",
  "title" : "workflow.tasks.tab.title",
  "tabOrder" : 2,
  "appConfigId" : "401",
  "requiredFeatures" : [ "svi.workflows.tasks" ],
  "version" : 1,
  "nullSafeVersion" : 1
}, {
  "tabConfigId" : "6",
  "tabName" : "object-list",
  "title" : "dataHub.tab.title",
  "tabOrder" : 1,
  "appConfigId" : "80",
  "requiredFeatures" : [ "svi.administration.reference_data", "svi.administration.core_metadata" ],
  "version" : 1,
  "nullSafeVersion" : 1
}, {
  "tabConfigId" : "7",
  "tabName" : "relationships",
  "title" : "relationships.tab.title",
  "tabOrder" : 2,
  "appConfigId" : "90",
  "requiredFeatures" : [ "svi.administration.core_metadata" ],
  "version" : 1,
  "nullSafeVersion" : 1
}, {
  "tabConfigId" : "8",
  "tabName" : "permissions",
  "title" : "permissions.tab.title",
  "tabOrder" : 6,
  "appConfigId" : "100",
  "requiredFeatures" : [ "svi.feature.assign.group" ],
  "version" : 2,
  "nullSafeVersion" : 2
}, {
  "tabConfigId" : "9",
  "tabName" : "workspace-configuration",
  "title" : "configuration.tab.title",
  "tabOrder" : 7,
  "appConfigId" : "21",
  "requiredFeatures" : [ "svi.administration.core_metadata" ],
  "version" : 1,
  "nullSafeVersion" : 1
} ]