{
  "schemaVersion" : "10.4.0",
  "documents" : [ {
    "dataStoreName" : "DEFAULT_STORE",
    "elementGroupRoot" : false,
    "fields" : [ {
      "autoGenerated" : false,
      "columnName" : "address",
      "dataType" : "STRING",
      "displayIndex" : 6,
      "indexedForSearch" : true,
      "localizedLabels" : [ {
        "label" : "Address",
        "localeCd" : "en-US"
      } ],
      "name" : "address",
      "primaryKeyField" : false,
      "readOnly" : false,
      "required" : false,
      "systemReserved" : false,
      "unique" : false
    }, {
      "autoGenerated" : false,
      "columnName" : "latitude",
      "dataType" : "NUMERIC",
      "displayIndex" : 3,
      "indexedForSearch" : true,
      "localizedLabels" : [ {
        "label" : "Latitude",
        "localeCd" : "en-US"
      } ],
      "name" : "latitude",
      "precision" : 10,
      "primaryKeyField" : false,
      "readOnly" : false,
      "required" : false,
      "scale" : 7,
      "systemReserved" : false,
      "unique" : false
    }, {
      "autoGenerated" : false,
      "columnName" : "longitude",
      "dataType" : "NUMERIC",
      "displayIndex" : 4,
      "indexedForSearch" : true,
      "localizedLabels" : [ {
        "label" : "Longitude",
        "localeCd" : "en-US"
      } ],
      "name" : "longitude",
      "precision" : 10,
      "primaryKeyField" : false,
      "readOnly" : false,
      "required" : false,
      "scale" : 7,
      "systemReserved" : false,
      "unique" : false
    }, {
      "autoGenerated" : false,
      "columnName" : "name",
      "dataType" : "STRING",
      "displayIndex" : 2,
      "indexedForSearch" : true,
      "localizedLabels" : [ {
        "label" : "Name",
        "localeCd" : "en-US"
      } ],
      "name" : "name",
      "primaryKeyField" : false,
      "readOnly" : false,
      "required" : false,
      "systemReserved" : false,
      "unique" : false
    }, {
      "autoGenerated" : true,
      "columnName" : "no_go_areas_id",
      "dataType" : "STRING",
      "displayIndex" : 0,
      "indexedForSearch" : true,
      "length" : 36,
      "localizedLabels" : [ {
        "label" : "no_go_areas ID",
        "localeCd" : "en-US"
      } ],
      "name" : "no_go_areas_id",
      "primaryKeyField" : true,
      "primaryKeySeqNo" : 1,
      "readOnly" : true,
      "required" : true,
      "systemReserved" : true,
      "unique" : true
    }, {
      "autoGenerated" : false,
      "columnName" : "person_id",
      "dataType" : "STRING",
      "displayIndex" : 1,
      "indexedForSearch" : true,
      "length" : 36,
      "localizedLabels" : [ {
        "label" : "person ID",
        "localeCd" : "en-US"
      } ],
      "name" : "person_id",
      "primaryKeyField" : false,
      "primaryKeySeqNo" : 1,
      "readOnly" : false,
      "required" : true,
      "systemReserved" : true,
      "unique" : false
    }, {
      "autoGenerated" : false,
      "columnName" : "radius",
      "dataType" : "DOUBLE",
      "displayIndex" : 5,
      "indexedForSearch" : true,
      "localizedLabels" : [ {
        "label" : "Radius",
        "localeCd" : "en-US"
      } ],
      "name" : "radius",
      "primaryKeyField" : false,
      "readOnly" : false,
      "required" : false,
      "systemReserved" : false,
      "unique" : false
    } ],
    "historyEnabled" : false,
    "indexedForSearch" : true,
    "localizedLabels" : [ {
      "label" : "No Go Areas",
      "localeCd" : "en-US"
    } ],
    "markerColor" : "#00517F",
    "name" : "no_go_areas",
    "nodeColor" : "#F0F1F2",
    "nodeShape" : "square",
    "readOnly" : false,
    "relationshipsTo" : [ {
      "cardinality" : "ONE_TO_MANY",
      "cascadeType" : "NONE",
      "fromObjectLabel" : "Person",
      "fromObjectName" : "person",
      "historyEnabled" : false,
      "joinConditions" : [ {
        "type" : "Conditional",
        "leftOperand" : {
          "type" : "FieldRef",
          "objectName" : "person",
          "fieldName" : "person_id"
        },
        "rightOperands" : [ {
          "type" : "FieldRef",
          "objectName" : "no_go_areas",
          "fieldName" : "person_id"
        } ],
        "operator" : "EQ"
      } ],
      "localizedLabels" : [ {
        "label" : "no_go_areas",
        "localeCd" : "en-US"
      } ],
      "localizedReverseLabels" : [ {
        "label" : "person",
        "localeCd" : "en-US"
      } ],
      "managed" : true,
      "name" : "no_go_areas",
      "qualifiedName" : "person__no_go_areas",
      "readOnly" : false,
      "required" : false,
      "reverseName" : "person",
      "symmetric" : false,
      "systemReserved" : false,
      "toObjectLabel" : "No Go Areas",
      "toObjectName" : "no_go_areas",
      "type" : "DIRECT_CHILD",
      "useCustomIndex" : false
    } ],
    "requireSearchBeforeCreate" : false,
    "systemReserved" : false,
    "tableName" : "no_go_areas",
    "type" : "MANAGED"
  } ],
  "handlerName" : "datahub"
}