{
  "schemaVersion" : "10.4.0",
  "documents" : [ {
    "createdAtTimeFieldName" : "created_at_dttm",
    "dataStoreName" : "DEFAULT_STORE",
    "defaultMapIcon" : {
      "name" : "EntityObject_white"
    },
    "defaultRegularIcon" : {
      "name" : "EntityObject_dkBlue"
    },
    "deleteTableName" : "VPzvsIyQ3Dp9QJ5VmcXQKyj0xQMkc1",
    "displayTextFields" : [ {
      "displayIndex" : 0,
      "name" : "firstname"
    }, {
      "displayIndex" : 1,
      "name" : "lastname"
    } ],
    "elementGroupRoot" : false,
    "fields" : [ {
      "autoGenerated" : false,
      "columnName" : "created_at_dttm",
      "dataType" : "TIMESTAMP",
      "displayIndex" : 3,
      "indexedForSearch" : true,
      "localizedLabels" : [ {
        "label" : "Date-Time Created",
        "localeCd" : "en-US"
      } ],
      "name" : "created_at_dttm",
      "primaryKeyField" : false,
      "readOnly" : true,
      "required" : false,
      "systemReserved" : true,
      "unique" : false
    }, {
      "autoGenerated" : false,
      "columnName" : "created_by_user_id",
      "dataType" : "STRING",
      "displayIndex" : 1,
      "indexedForSearch" : true,
      "length" : 30,
      "localizedLabels" : [ {
        "label" : "Created By",
        "localeCd" : "en-US"
      } ],
      "name" : "created_by_user_id",
      "primaryKeyField" : false,
      "readOnly" : true,
      "required" : false,
      "systemReserved" : true,
      "unique" : false
    }, {
      "autoGenerated" : false,
      "columnName" : "email",
      "dataType" : "STRING",
      "displayIndex" : 8,
      "indexedForSearch" : true,
      "localizedLabels" : [ {
        "label" : "Device ID",
        "localeCd" : "en-US"
      } ],
      "name" : "email",
      "primaryKeyField" : false,
      "readOnly" : false,
      "required" : false,
      "systemReserved" : false,
      "unique" : false
    }, {
      "autoGenerated" : false,
      "columnName" : "firstname",
      "dataType" : "STRING",
      "displayIndex" : 6,
      "indexedForSearch" : true,
      "localizedLabels" : [ {
        "label" : "Firstname",
        "localeCd" : "en-US"
      } ],
      "name" : "firstname",
      "primaryKeyField" : false,
      "readOnly" : false,
      "required" : false,
      "systemReserved" : false,
      "unique" : false
    }, {
      "autoGenerated" : false,
      "columnName" : "last_updated_at_dttm",
      "dataType" : "TIMESTAMP",
      "displayIndex" : 4,
      "indexedForSearch" : true,
      "localizedLabels" : [ {
        "label" : "Last Modified Date-Time",
        "localeCd" : "en-US"
      } ],
      "name" : "last_updated_at_dttm",
      "primaryKeyField" : false,
      "readOnly" : true,
      "required" : false,
      "systemReserved" : true,
      "unique" : false
    }, {
      "autoGenerated" : false,
      "columnName" : "last_updated_by_user_id",
      "dataType" : "STRING",
      "displayIndex" : 2,
      "indexedForSearch" : true,
      "length" : 30,
      "localizedLabels" : [ {
        "label" : "Last Modified By",
        "localeCd" : "en-US"
      } ],
      "name" : "last_updated_by_user_id",
      "primaryKeyField" : false,
      "readOnly" : true,
      "required" : false,
      "systemReserved" : true,
      "unique" : false
    }, {
      "autoGenerated" : false,
      "columnName" : "lastname",
      "dataType" : "STRING",
      "displayIndex" : 7,
      "indexedForSearch" : true,
      "localizedLabels" : [ {
        "label" : "Lastname",
        "localeCd" : "en-US"
      } ],
      "name" : "lastname",
      "primaryKeyField" : false,
      "readOnly" : false,
      "required" : false,
      "systemReserved" : false,
      "unique" : false
    }, {
      "autoGenerated" : true,
      "columnName" : "person_id",
      "dataType" : "STRING",
      "displayIndex" : 0,
      "indexedForSearch" : true,
      "length" : 36,
      "localizedLabels" : [ {
        "label" : "person ID",
        "localeCd" : "en-US"
      } ],
      "name" : "person_id",
      "primaryKeyField" : true,
      "primaryKeySeqNo" : 1,
      "readOnly" : true,
      "required" : true,
      "systemReserved" : true,
      "unique" : true
    }, {
      "autoGenerated" : false,
      "columnName" : "risk",
      "dataType" : "STRING",
      "displayIndex" : 9,
      "indexedForSearch" : true,
      "localizedLabels" : [ {
        "label" : "Risk",
        "localeCd" : "en-US"
      } ],
      "name" : "risk",
      "primaryKeyField" : false,
      "readOnly" : false,
      "required" : false,
      "systemReserved" : false,
      "unique" : false
    }, {
      "autoGenerated" : false,
      "columnName" : "version",
      "dataType" : "LONG",
      "displayIndex" : 5,
      "indexedForSearch" : true,
      "localizedLabels" : [ {
        "label" : "Version",
        "localeCd" : "en-US"
      } ],
      "name" : "version",
      "primaryKeyField" : false,
      "readOnly" : true,
      "required" : true,
      "systemReserved" : true,
      "unique" : false
    } ],
    "historyEnabled" : false,
    "indexedForSearch" : true,
    "lastUpdatedAtTimeFieldName" : "last_updated_at_dttm",
    "localizedLabels" : [ {
      "label" : "Person",
      "localeCd" : "en-US"
    } ],
    "markerColor" : "#00517F",
    "name" : "person",
    "nodeColor" : "#F0F1F2",
    "nodeShape" : "square",
    "readOnly" : false,
    "requireSearchBeforeCreate" : false,
    "systemReserved" : false,
    "tableName" : "person",
    "type" : "MANAGED",
    "urnFormat" : "{ID}",
    "urnLength" : 18,
    "urnType" : "RANDOM_DIGITS"
  } ],
  "handlerName" : "datahub"
}