{
  "schemaVersion" : "10.4.0",
  "toolbarItems" : [ {
    "documentType" : "alerts",
    "items" : [ {
      "control" : "alertActionButton",
      "documentType" : "alerts",
      "order" : 1
    }, {
      "control" : "addToWorkspaceButton",
      "documentType" : "alerts",
      "order" : 2
    }, {
      "control" : "relateToButton",
      "documentType" : "alerts",
      "order" : 3
    }, {
      "control" : "LeftRightToolbarDivider",
      "documentType" : "alerts",
      "order" : 4
    }, {
      "control" : "attachmentsButton",
      "documentType" : "alerts",
      "order" : 5
    }, {
      "attributes" : {
        "type" : "USER"
      },
      "control" : "CommentsButton",
      "documentType" : "alerts",
      "order" : 6
    } ]
  } ],
  "handlerName" : "datahub"
}