{
  "schemaVersion" : "10.4.0",
  "toolbarItems" : [ {
    "documentType" : "poc_ie_person_of_int",
    "items" : [ {
      "attributes" : {
        "title" : {
          "text" : "Edit and Save Buttons"
        }
      },
      "control" : "editButton",
      "documentType" : "poc_ie_person_of_int",
      "order" : 0
    }, {
      "attributes" : {
        "title" : {
          "text" : "Delete Button"
        }
      },
      "control" : "deleteButton",
      "documentType" : "poc_ie_person_of_int",
      "order" : 1
    } ]
  } ],
  "handlerName" : "datahub"
}