{
  "schemaVersion" : "10.4.0",
  "templates" : [ {
    "clientApplication" : "desktop",
    "documentType" : "poc_ie_person_of_int",
    "metadata" : {
      "dataSources" : [ {
        "fields" : [ "firstname", "lastname", "gender", "risk", "device_id", "created_by_user_id", "created_at_dttm", "last_updated_by_user_id", "last_updated_at_dttm" ],
        "objectName" : "poc_ie_person_of_int"
      }, {
        "fields" : [ "name", "address", "latitude", "longitude", "radius" ],
        "objectName" : "poc_ch_risk_zones"
      } ],
      "insightsEnabled" : false,
      "workspaceEnabled" : true
    },
    "name" : "person_of_interest_main",
    "template" : {
      "screens" : [ {
        "childNodes" : [ {
          "attrs" : {
            "category" : "Panels",
            "id" : "f3e0d109-acbe-4735-3779-a72822218798",
            "states" : {
              "readOnly" : true
            },
            "type" : "GroupBox"
          },
          "childNodes" : [ {
            "attrs" : {
              "category" : "Panels",
              "id" : "2b575914-e543-40ea-3e8d-36429a26d466",
              "states" : {
                "readOnly" : true
              },
              "type" : "ColumnGroup-Two"
            },
            "childNodes" : [ {
              "attrs" : {
                "category" : "Container",
                "id" : "ad85d582-7060-4098-39a9-f68c2f8dcfc7",
                "type" : "ColumnContainer"
              },
              "childNodes" : [ {
                "attrs" : {
                  "category" : "Fields",
                  "id" : "2407e31b-5b7f-4972-3fd9-34ed53d0a10a",
                  "states" : {
                    "readOnly" : true
                  },
                  "type" : "TextInput"
                },
                "childNodes" : [ ],
                "typeAttributes" : {
                  "dataSource" : "firstname",
                  "height" : "100px",
                  "inputWidthCSSClass" : "sng-medium-input",
                  "title" : {
                    "text" : "Firstname"
                  }
                }
              }, {
                "attrs" : {
                  "category" : "Fields",
                  "id" : "000144f1-dfd2-4df4-3d75-2b4ad8392685",
                  "states" : {
                    "readOnly" : true
                  },
                  "type" : "TextInput"
                },
                "childNodes" : [ ],
                "typeAttributes" : {
                  "dataSource" : "lastname",
                  "height" : "100px",
                  "inputWidthCSSClass" : "sng-medium-input",
                  "title" : {
                    "text" : "Lastname"
                  }
                }
              }, {
                "attrs" : {
                  "category" : "Fields",
                  "id" : "1d23edac-972e-4e9d-3933-74b2d36d919a",
                  "states" : {
                    "readOnly" : true
                  },
                  "type" : "DropdownList"
                },
                "childNodes" : [ ],
                "typeAttributes" : {
                  "dataSource" : "gender",
                  "inputWidthCSSClass" : "sng-medium-input",
                  "title" : {
                    "text" : "Gender"
                  }
                }
              } ],
              "typeAttributes" : {
                "mdColSpan" : "6"
              }
            }, {
              "attrs" : {
                "category" : "Container",
                "id" : "c2a98067-793b-46e6-3ec1-e58af7bd8b24",
                "type" : "ColumnContainer"
              },
              "childNodes" : [ {
                "attrs" : {
                  "category" : "Fields",
                  "id" : "ca4b6282-9fa1-461b-3922-f8b22e892f0f",
                  "states" : {
                    "readOnly" : true
                  },
                  "type" : "TextInput"
                },
                "childNodes" : [ ],
                "typeAttributes" : {
                  "dataSource" : "risk",
                  "height" : "100px",
                  "inputWidthCSSClass" : "sng-medium-input",
                  "title" : {
                    "text" : "Risk"
                  }
                }
              }, {
                "attrs" : {
                  "category" : "Fields",
                  "id" : "0c5f21b8-83b2-42bb-38a8-4defb3ff9efa",
                  "states" : {
                    "readOnly" : true
                  },
                  "type" : "TextInput"
                },
                "childNodes" : [ ],
                "typeAttributes" : {
                  "dataSource" : "device_id",
                  "height" : "100px",
                  "inputWidthCSSClass" : "sng-medium-input",
                  "title" : {
                    "text" : "Device ID"
                  }
                }
              } ],
              "typeAttributes" : {
                "mdColSpan" : "6"
              }
            } ],
            "typeAttributes" : {
              "title" : {
                "text" : "2-Column"
              }
            }
          } ],
          "typeAttributes" : {
            "title" : {
              "text" : "Person Details"
            }
          }
        }, {
          "_associatedDocType" : "poc_ch_risk_zones",
          "attrs" : {
            "category" : "Fields",
            "id" : "953a8755-52aa-4527-3789-16402a521207",
            "states" : {
              "readOnly" : true
            },
            "type" : "SubDocumentViewer"
          },
          "childNodes" : [ {
            "_associatedDocType" : "poc_ch_risk_zones",
            "attrs" : {
              "category" : "Panels",
              "id" : "8a629f34-73b6-4092-36b9-82e2ca676978",
              "states" : {
                "readOnly" : true
              },
              "type" : "ColumnGroup-Two"
            },
            "childNodes" : [ {
              "_associatedDocType" : "poc_ch_risk_zones",
              "attrs" : {
                "category" : "Container",
                "id" : "de423f58-1fb9-48d5-337c-e518aecbde89",
                "type" : "ColumnContainer"
              },
              "childNodes" : [ {
                "_associatedDocType" : "poc_ch_risk_zones",
                "attrs" : {
                  "category" : "Fields",
                  "id" : "a3f364f3-5903-4691-3b64-d1b4c6faf88b",
                  "states" : {
                    "readOnly" : true
                  },
                  "type" : "TextInput"
                },
                "childNodes" : [ ],
                "typeAttributes" : {
                  "dataSource" : "name",
                  "height" : "100px",
                  "inputWidthCSSClass" : "sng-medium-input",
                  "title" : {
                    "text" : "Name"
                  }
                }
              }, {
                "_associatedDocType" : "poc_ch_risk_zones",
                "attrs" : {
                  "category" : "Fields",
                  "id" : "024fdea1-bf91-47ea-3a74-ab65ae057f7b",
                  "states" : {
                    "readOnly" : true
                  },
                  "type" : "TextInput"
                },
                "childNodes" : [ ],
                "typeAttributes" : {
                  "dataSource" : "address",
                  "height" : "100px",
                  "inputWidthCSSClass" : "sng-medium-input",
                  "title" : {
                    "text" : "Address"
                  }
                }
              }, {
                "_associatedDocType" : "poc_ch_risk_zones",
                "attrs" : {
                  "category" : "Fields",
                  "id" : "ad42d763-8626-4158-3932-78ebaa905245",
                  "states" : {
                    "readOnly" : true
                  },
                  "type" : "NumberInput"
                },
                "childNodes" : [ ],
                "typeAttributes" : {
                  "alignment" : "TRAILING",
                  "dataSource" : "radius",
                  "fractional" : true,
                  "inputWidthCSSClass" : "sng-medium-input",
                  "places" : 2,
                  "title" : {
                    "text" : "Radius (m)"
                  }
                }
              } ],
              "typeAttributes" : {
                "mdColSpan" : "6"
              }
            }, {
              "_associatedDocType" : "poc_ch_risk_zones",
              "attrs" : {
                "category" : "Container",
                "id" : "3170b21a-001d-4ca5-361c-c63dfb18425e",
                "type" : "ColumnContainer"
              },
              "childNodes" : [ {
                "_associatedDocType" : "poc_ch_risk_zones",
                "attrs" : {
                  "category" : "Fields",
                  "id" : "3b259193-cce4-43f9-3dc1-2f8b5488c590",
                  "states" : {
                    "readOnly" : true
                  },
                  "type" : "NumberInput"
                },
                "childNodes" : [ ],
                "typeAttributes" : {
                  "alignment" : "TRAILING",
                  "dataSource" : "latitude",
                  "fractional" : true,
                  "inputWidthCSSClass" : "sng-medium-input",
                  "places" : 7,
                  "title" : {
                    "text" : "Latitude"
                  }
                }
              }, {
                "_associatedDocType" : "poc_ch_risk_zones",
                "attrs" : {
                  "category" : "Fields",
                  "id" : "7875ae3b-03fb-4c2c-3478-62f1ffbea48d",
                  "states" : {
                    "readOnly" : true
                  },
                  "type" : "NumberInput"
                },
                "childNodes" : [ ],
                "typeAttributes" : {
                  "alignment" : "TRAILING",
                  "dataSource" : "longitude",
                  "fractional" : true,
                  "inputWidthCSSClass" : "sng-medium-input",
                  "places" : 7,
                  "title" : {
                    "text" : "Longitude"
                  }
                }
              } ],
              "typeAttributes" : {
                "mdColSpan" : "6"
              }
            } ],
            "typeAttributes" : {
              "title" : {
                "text" : "2-Column"
              }
            }
          }, {
            "_associatedDocType" : "poc_ch_risk_zones",
            "attrs" : {
              "category" : "Fields",
              "id" : "23c00bae-6b24-4d58-32cd-9944db6a377a",
              "states" : {
                "readOnly" : false
              },
              "type" : "map-directive"
            },
            "childNodes" : [ ],
            "typeAttributes" : {
              "depth" : "1",
              "height" : "300px",
              "lat" : "latitude",
              "long" : "longitude",
              "title" : {
                "text" : "Longitude"
              }
            }
          } ],
          "typeAttributes" : {
            "showSubDocumentPreview" : true,
            "subDocumentDataSource" : {
              "selectedFieldColumns" : [ "name", "address", "latitude", "longitude", "radius" ],
              "sort" : {
                "dir" : "asc"
              },
              "subDocumentType" : "poc_ch_risk_zones"
            },
            "title" : {
              "text" : "Risk Zones"
            }
          }
        } ],
        "events" : { },
        "id" : "dc4f2000-9a91-48a4-38ef-7569dfca8074",
        "name" : "Details"
      }, {
        "childNodes" : [ {
          "_fullScreen" : true,
          "attrs" : {
            "category" : "Fields",
            "id" : "555fff8c-c837-47a0-39b3-c43998f1a459",
            "states" : {
              "readOnly" : false
            },
            "type" : "Relationships"
          },
          "childNodes" : [ ],
          "typeAttributes" : {
            "height" : "100%",
            "relationshipSummary" : {
              "alerts__alert_alertedObject" : {
                "detailsPageUuid" : "a1c70d79-5a32-40ef-9cde-150cba5b5f71",
                "titleText" : "Alert to Alerted Object"
              }
            },
            "relationships" : [ "alerts__alert_alertedObject" ],
            "title" : {
              "text" : "Relationships"
            }
          }
        } ],
        "events" : { },
        "id" : "1e102b41-b8f3-4f58-3a2d-4bd88b48b13d",
        "locked" : true,
        "name" : "Related Alerts"
      }, {
        "childNodes" : [ {
          "attrs" : {
            "category" : "Panels",
            "id" : "63ff37c7-9e76-438f-3974-a62899054617",
            "states" : {
              "readOnly" : true
            },
            "type" : "GroupBox"
          },
          "childNodes" : [ {
            "attrs" : {
              "category" : "Panels",
              "id" : "b6a0ac32-7b7d-49eb-3572-33c623a5c96e",
              "states" : {
                "readOnly" : true
              },
              "type" : "ColumnGroup-Two"
            },
            "childNodes" : [ {
              "attrs" : {
                "category" : "Container",
                "id" : "b92c6f87-68de-47f1-3749-c2a87cff6155",
                "type" : "ColumnContainer"
              },
              "childNodes" : [ {
                "attrs" : {
                  "category" : "Fields",
                  "id" : "8785f15c-31cb-458a-3e86-a4304a171ffc",
                  "states" : {
                    "readOnly" : true
                  },
                  "type" : "TextInput"
                },
                "childNodes" : [ ],
                "typeAttributes" : {
                  "dataSource" : "created_by_user_id",
                  "height" : "100px",
                  "inputWidthCSSClass" : "sng-medium-input",
                  "title" : {
                    "text" : "Created By"
                  }
                }
              }, {
                "attrs" : {
                  "category" : "Fields",
                  "id" : "0533c504-6669-45e9-31e4-6a223d38ae87",
                  "states" : {
                    "readOnly" : true
                  },
                  "type" : "DateTime"
                },
                "childNodes" : [ ],
                "typeAttributes" : {
                  "dataSource" : "created_at_dttm",
                  "dateFormat" : "LOCALE",
                  "showTime" : true,
                  "title" : {
                    "text" : "Date-Time Created"
                  }
                }
              } ],
              "typeAttributes" : {
                "mdColSpan" : "6"
              }
            }, {
              "attrs" : {
                "category" : "Container",
                "id" : "636a9f7c-27f2-45d1-3dfd-371c779e9af5",
                "type" : "ColumnContainer"
              },
              "childNodes" : [ {
                "attrs" : {
                  "category" : "Fields",
                  "id" : "ee5b4a9c-31ec-47c8-3533-8b626fb8c368",
                  "states" : {
                    "readOnly" : true
                  },
                  "type" : "TextInput"
                },
                "childNodes" : [ ],
                "typeAttributes" : {
                  "dataSource" : "last_updated_by_user_id",
                  "height" : "100px",
                  "inputWidthCSSClass" : "sng-medium-input",
                  "title" : {
                    "text" : "Last Modified By"
                  }
                }
              }, {
                "attrs" : {
                  "category" : "Fields",
                  "id" : "78dc4a15-779c-40ed-3e62-d8bf52e79bcd",
                  "states" : {
                    "readOnly" : true
                  },
                  "type" : "DateTime"
                },
                "childNodes" : [ ],
                "typeAttributes" : {
                  "dataSource" : "last_updated_at_dttm",
                  "dateFormat" : "LOCALE",
                  "showTime" : true,
                  "title" : {
                    "text" : "Last Modified Date-Time"
                  }
                }
              } ],
              "typeAttributes" : {
                "mdColSpan" : "6"
              }
            } ],
            "typeAttributes" : {
              "title" : {
                "text" : "2-Column"
              }
            }
          } ],
          "typeAttributes" : {
            "title" : {
              "text" : "Audit Information"
            }
          }
        } ],
        "events" : { },
        "id" : "e17b7b7b-135b-4f2d-3a07-b53e5d11471a",
        "name" : "Audit"
      } ],
      "showTabs" : true,
      "title" : ""
    },
    "templateType" : "page",
    "uuid" : "8316980a-f20e-42dc-bb74-fc553e6b1dd3"
  } ],
  "handlerName" : "datahub"
}