{
  "triageDefinitionId" : "triage_default",
  "triageDefinitionName" : "Default Triage Definition",
  "triageDefinitionDescription" : "default triage definition ",
  "defaultSortFieldName" : "currentScore",
  "defaultSortOrderCode" : "descending",
  "columnsJsonDoc" : [{"text": "Score", "datatype": "integer", "datafield": "currentScore", "cellsrenderer": "tdcScoreRenderer", "tooltipTemplate": "textCellRenderer"},{"text": "Alert ID", "datafield": "alertId"},{"datafield": "actionableEntityType", "text": "Actionable Entity Type"},{"datafield": "actionableEntityLabel", "text": "Actionable Entity Label"},{"datafield": "queueId", "cellsrenderer": "tdcQueueNameForIDTemplate", "text": "Queue"},{"datafield": "creationTimeStamp", "datatype": "date", "text": "Datetime Created"}]
}