{
  "version" : 1,
  "domainId" : "svidomain",
  "queueId" : "queue_default",
  "queueName" : "Default Alert Queue",
  "queueDescription" : "This is the default alert queue",
  "userCreatedQueue" : false,
  "queuePriority" : 32767,
  "queueStatus" : "ACTIVE",
  "summaryTemplateName" : "alert-summary-default",
  "detailTemplateName" : "alert-detail-default",
  "inspectorTemplateName" : "alert-inspector-default",
  "serviceSortField" : "curr_score_val",
  "serviceSortOrder" : "asc",
  "suppressDefaultDuration" : 30,
  "holdDefaultDuration" : 60,
  "queueAutoCloseDays" : 120,
  "queueAutoActivateScore" : 950,
  "queueAutoActivateDelta" : 200,
  "queueSticky" : false,
  "acceptManualAlerts" : true,
  "strategyId" : "strategy_default",
  "dispositions" : [ {
    "dispositionId" : "AD_BUILT_IN_CLOSE",
    "dispositionName" : "Close Immediately",
    "displayCd" : "BOTH",
    "logicalDeleteFlag" : false
  }, {
    "dispositionId" : "AD_BUILT_IN_SUPPRESS",
    "dispositionName" : "Suppress Prompt",
    "displayCd" : "BOTH",
    "logicalDeleteFlag" : false
  } ]
}