{
  "version" : 1,
  "domainId" : "svidomain",
  "strategyId" : "strategy_default",
  "strategyName" : "Default Alert Strategy",
  "strategyDescription" : "This is the default alert strategy",
  "userCreatedStrategy" : false,
  "strategyPriority" : 32767,
  "strategyStatus" : "ACTIVE",
  "presentationMode" : "DIRECT",
  "allUsers" : true,
  "groupId" : "sviusrs",
  "scoreRangeLow" : 650,
  "scoreRangeHigh" : 900,
  "triageDefinitionId" : "triage_default",
  "generateWorkspace" : true,
  "workspaceLevel" : 2
}